684670,https://techplay.jp/event/684670/,ひとり情シス、社内SE必見「セキュリティ対策 “Do it yourself”セミナー」- 政府機関で慣らしたコンサルの手法で解決 -,2018/07/23,15:00〜17:00,アイオス永田町2Fセミナールーム東京都千代田区永田町2-17-17アイオス永田町2F,0,20
684677,https://techplay.jp/event/684677/,2時間でマスターしちゃう AWS CloudFormation ハンズオン,2018/07/21,11:00〜13:00,渋谷(決まり次第告知)渋谷区渋谷,1,10
684678,https://techplay.jp/event/684678/,朝活Python 入門編 in 秋葉原,2018/07/14,07:00〜08:30,カフェ・ベローチェ 秋葉原駅前広場店東京都千代田区神田松永町１０４,"",3
684679,https://techplay.jp/event/684679/,UX道場 Meetup 01「受託のWebデザイナーでもできる実践的UXデザインことはじめ」,2018/07/25,19:00〜21:00,freee株式会社 〒141-0031 東京都品川区西五反田２丁目８−１,15,82
684680,https://techplay.jp/event/684680/,朝活Python 入門編 in 秋葉原,2018/07/15,07:00〜08:30,カフェ・ベローチェ 秋葉原駅前広場店東京都千代田区神田松永町１０４,"",3
684681,https://techplay.jp/event/684681/,【増枠しました！】ゲーム開発マネジメント勉強会 vol.1,2018/07/26,19:30〜22:00,株式会社アカツキ東京都品川区上大崎2-13-30 oak meguro 8階,50,50
684682,https://techplay.jp/event/684682/,朝活Python 簡単スクレイピング（後編） in 秋葉原,2018/07/26,07:00〜08:30,【秋葉原/浅草橋】秋葉原スクエア403号室東京都千代田区神田佐久間町3-21-5 東神田ビル403号室 ,1,12
684683,https://techplay.jp/event/684683/,朝活Python (Numpy Pandas) in 秋葉原,2018/07/17,07:00〜08:30,【秋葉原/浅草橋】秋葉原スクエア403号室東京都千代田区神田佐久間町3-21-5 東神田ビル403号室 ,"",10
684685,https://techplay.jp/event/684685/,Tama.rb #6 MeetUp,2018/07/28,18:00〜20:00,こけむさズ〒166-0002 東京都杉並区高円寺北３丁目１−９ 青田ビル 102,2,7
684686,https://techplay.jp/event/684686/,.NETラボ 勉強会 2018年7月,2018/07/28,13:30〜18:00,日本マイクロソフト 品川本社東京都港区港南 2-16-3,20,60
684687,https://techplay.jp/event/684687/,【eLV】初心者による初心者のためのHTML CSS JS の基礎,2018/07/18,19:00〜22:00,株式会社CRE-CO東京都千代田区平河町1-4-3(平河町伏見ビル2F),20,20
684688,https://techplay.jp/event/684688/,朝活Python 簡単スクレイピング（前編） in 秋葉原,2018/07/19,07:00〜08:30,【秋葉原/浅草橋】秋葉原スクエア403号室東京都千代田区神田佐久間町3-21-5 東神田ビル403号室 ,1,12
684689,https://techplay.jp/event/684689/,Azureで実現する RPA化（システム運用自動化編）,2018/07/20,13:30〜17:00,aiiima3 東京都渋谷区渋谷2-21-1 (渋谷ヒカリエ8階 8/（ハチ）),"",8
684690,https://techplay.jp/event/684690/,【京都】PHP・Webアプリケーション もくもく勉強会【毎週開催・水曜】,2018/08/01,18:30〜20:30,株式会社Nextat本社京都市下京区北町183番地 烏丸六条ビル 3F,"",6
684691,https://techplay.jp/event/684691/,Amazon Game Tech Night #6 ~GameSparksハンズオン~,2018/08/02,19:00〜21:30,アマゾン合同会社 目黒新オフィス東京都品川区上大崎3-1-1,8,100
684693,https://techplay.jp/event/684693/,明日からできるRPA,2018/08/07,15:30〜17:00,新宿モノリス東京都新宿区西新宿2-3-1,"",5
684694,https://techplay.jp/event/684694/,みんなのPython勉強会#39,2018/09/12,19:00〜21:00,クリーク・アンド・リバー社〒102-0083 東京都千代田区麹町２丁目１０−９,"",148
684695,https://techplay.jp/event/684695/,【初心者歓迎】ゆるふぁい#10 - Delphi のゆる～い集まり,2018/09/06,19:00〜21:00,合同会社ねこもり　秋葉原オフィス千代田区外神田2丁目15-8　長坂第三ビル 3階,"",15
684698,https://techplay.jp/event/684698/,Wacker#29 Google Colaboratoryで覚える初めての（？）機械学習（Deep Learning）,2018/07/16,13:00〜18:00,正和情報システム様和歌山県和歌山市小人町6番地,正和情報シテム様,""
684702,https://techplay.jp/event/684702/,2018年第1回Tableauユーザー会 【ユーザー同士のネットワーキングに！】,2018/08/01,15:00〜19:00,（株）NTTデータ  豊洲センタービル36F　〒135-6033 東京都江東区豊洲3-3-3 豊洲センタービル36F,49,200
684707,https://techplay.jp/event/684707/,【Progate利用者向け】Rails5+Vue.jsでサービスを開発,2018/07/21,13:00〜20:00,いいオフィス東京都台東区東上野２丁目１８−７ 共同ビル上野 3階,"",5
684709,https://techplay.jp/event/684709/,第1回　レッドオーシャン時代を生き抜くためのソーシャルゲーム戦略会議,2018/07/25,19:30〜21:30,G2 Studios株式会社東京都渋谷区道玄坂2-11-1（G-SQUARE 10階）,15,30
684710,https://techplay.jp/event/684710/,AWSからGCPにビッグデータ処理を移行する理由とGCP・Dataflowの具体的な使い方,2018/07/19,19:30〜21:30,株式会社ビズリーチ東京都渋谷区渋谷2-15-1 渋谷クロスタワー 12F,18,18
684712,https://techplay.jp/event/684712/,もくもく会@東京地裁,2018/08/03,14:00〜17:00,東京地裁東京都千代田区霞が関１丁目１−４,"",4
684713,https://techplay.jp/event/684713/,【入門から応用まで】Monaca モバイルアプリ開発講座,2018/08/23,10:00〜17:30,株式会社リーデックス東京都渋谷区南平台町1-10 (いちご南平台ビル5階),2,12
684715,https://techplay.jp/event/684715/,福岡Kaggleもくもく会 #3,2018/08/07,19:00〜21:00,株式会社Fusic福岡県福岡市 中央区天神4丁目1-7（第3明星ビル）,3,30
684727,https://techplay.jp/event/684727/,ビッグデータの分析可視化ツール「Tableau」を学ぶ実践4回講座,"
                    2018/08/17
                    19:30〜
                ",,C&R社3号館トレーニングルーム東京都千代田区麹町3-6　 住友不動産麹町ビル3号館4F,"",30
684729,https://techplay.jp/event/684729/,"""コミュニティ2.0""~共創と互助の未来~　Gojoリリース１ヶ月記念 by(株)BrainCat",2018/07/17,19:10〜21:00,TECH PLAY SHIBUYA東京都渋谷区宇田川町20-17 NMF渋谷公園通りビル 8F,23,200
684746,https://techplay.jp/event/684746/,Algorithms Meetup,2018/07/24,19:00〜21:00,Code Chrysalis東京都港区元麻布3-1-35(VORT元麻布B2),2,""
684749,https://techplay.jp/event/684749/,ランキング学習勉強会第2回,2018/07/25,19:00〜21:00,株式会社ロンウイット東京都千代田区神田東紺屋町28-1 (神田EAST 4階),2,12
684754,https://techplay.jp/event/684754/,LINE BOOT AWARDS公式夏期講習 ～Messaging API アップデートハンズオン～,2018/07/28,19:00〜22:00,レバレジーズ株式会社東京都渋谷区渋谷2-21-1 渋谷ヒカリエ,16,60
684755,https://techplay.jp/event/684755/,ホワイトハッカー養成講座　第6回侵入検知入門,2018/07/29,13:30〜16:30,ＭＧＴカレッジ新宿校東京都新宿区西新宿７丁目４番４号(武蔵ビル2Ｆ),4,20
684757,https://techplay.jp/event/684757/,[秋葉原] Unityもくもく勉強会×和尚本振り返り会,2018/07/19,19:30〜22:00,コワーキングスペース秋葉原Weeyble東京都千代田区神田須田町２丁目１９−２３ (野村第３ビル ４階),"",11
684758,https://techplay.jp/event/684758/,スマートスピーカー勉強会 ~音声サービスとその未来~  CEKハンズオン&リーダーズセッション,2018/07/29,13:00〜17:30,LINE株式会社160-0022 東京都新宿区新宿四丁目1番6号 JR新宿ミライナタワー23階LINE Cafe,21,104
684760,https://techplay.jp/event/684760/,わいわいswiftc #4,2018/08/03,19:30〜22:00,株式会社はてな 京都オフィス京都府京都市中京区高宮町206 (御池ビル 8F),"",20
684761,https://techplay.jp/event/684761/,フロントエンドもくもく会 #17,2018/08/08,19:00〜21:00,株式会社スタメン愛知県名古屋市中村区井深町１ 中村区井深町1-1,2,15
684762,https://techplay.jp/event/684762/,【福岡】女性限定！LINEでAIチャットボットを作ろう！ーIBM Cloud勉強会#4,2018/08/08,18:30〜21:30,さくらインターネット株式会社 福岡オフィス福岡県福岡市中央区赤坂1-12−15 読売福岡ビル 7F,"",20
684763,https://techplay.jp/event/684763/,京都Devかふぇ#3 〜フロントエンド〜,2018/09/14,19:00〜21:30,"フリュー株式会社会議室（京都タワーホテル4階）Kyoto Prefecture, Kyoto, Shimogyo Ward, 烏丸通七条下ル東塩小路町721-1",10,45
684766,https://techplay.jp/event/684766/,CoderDojo 秋田 13回目,2018/07/21,10:00〜12:00,株式会社necco日本秋田県秋田市山王１丁目６−２０ ３F,"",8
684785,https://techplay.jp/event/684785/,第14回CoderDojo安曇野,2018/07/21,14:00〜16:00,安曇野コワーキングスペース〒399-8211 長野県安曇野市堀金烏川5099-3,2,9
684786,https://techplay.jp/event/684786/,子どものためのプログラミング道場　第4回 CoderDojo多摩センター,2018/08/19,14:00〜16:00,からきだ菖蒲館 会議室2東京都多摩市鶴牧6丁目14番地,"",8
684787,https://techplay.jp/event/684787/,アルゴリズム会,2018/07/24,19:00〜21:00,コードクリサリス東京都港区元麻布3-1-35 VORT元麻布地下2階,2,""
684846,https://techplay.jp/event/684846/,【未経験】でもできる。一日でホームページの土台を全て作りましょう！,2018/07/18,13:00〜16:00,シンクロードグループ大阪府寝屋川市池田中町14-10 プレアール寝屋川池田1A,"",2
684847,https://techplay.jp/event/684847/,【未経験】でもできる。一日でホームページの土台を全て作りましょう！,2018/07/19,13:00〜16:00,シンクロードグループ大阪府寝屋川市池田中町14-10 プレアール寝屋川池田1A,"",2
684848,https://techplay.jp/event/684848/,【未経験】でもできる。一日でホームページの土台を全て作りましょう！,2018/07/20,18:00〜21:00,シンクロードグループ大阪府寝屋川市池田中町14-10 プレアール寝屋川池田1A,"",2
684851,https://techplay.jp/event/684851/,【未経験】でもできる。一日でホームページの土台を全て作りましょう！,2018/07/24,13:00〜16:00,シンクロードグループ大阪府寝屋川市池田中町14-10 プレアール寝屋川池田1A,"",2
684853,https://techplay.jp/event/684853/,【未経験】でもできる。一日でホームページの土台を全て作りましょう！,2018/07/26,13:00〜16:00,シンクロードグループ大阪府寝屋川市池田中町14-10 プレアール寝屋川池田1A,"",2
684855,https://techplay.jp/event/684855/,【未経験】でもできる。一日でホームページの土台を全て作りましょう！,2018/07/29,09:00〜12:00,シンクロードグループ大阪府寝屋川市池田中町14-10 プレアール寝屋川池田1A,"",2
684858,https://techplay.jp/event/684858/,【未経験】でもできる。一日でホームページの土台を全て作りましょう！,2018/08/01,13:00〜16:00,シンクロードグループ大阪府寝屋川市池田中町14-10 プレアール寝屋川池田1A,"",2
684859,https://techplay.jp/event/684859/,【未経験】でもできる。一日でホームページの土台を全て作りましょう！,2018/08/02,13:00〜16:00,シンクロードグループ大阪府寝屋川市池田中町14-10 プレアール寝屋川池田1A,"",2
684860,https://techplay.jp/event/684860/,【未経験】でもできる。一日でホームページの土台を全て作りましょう！,2018/08/03,18:00〜21:00,シンクロードグループ大阪府寝屋川市池田中町14-10 プレアール寝屋川池田1A,"",2
684861,https://techplay.jp/event/684861/,【未経験】でもできる。一日でホームページの土台を全て作りましょう！,2018/08/05,09:00〜12:00,シンクロードグループ大阪府寝屋川市池田中町14-10 プレアール寝屋川池田1A,"",2
684862,https://techplay.jp/event/684862/,"HTML,CSSを理解して編集出来るようになる基礎を学ぶ3時間",2018/07/15,15:00〜18:30,東京都世田谷区上北沢3-10-15 アクロキューブ株式会社,"",6
684863,https://techplay.jp/event/684863/,実践 ブロックチェーン ICO Dapps 開発① ICO・クラウドセールの設計と開発環境準備,2018/08/06,19:00〜21:00,Bukatsudo横浜市西区みなとみらい２丁目２番１号 ランドマークプラザ 地下１階,0,50
684864,https://techplay.jp/event/684864/,Pythonで学ぶ時系列データ解析入門,2018/07/19,19:45〜22:00,渋谷駅徒歩5分東京都渋谷区渋谷１-８-３ TOC第１ビル2階,27,17
684868,https://techplay.jp/event/684868/,#5 FukuokaJS 今回はもくもく!,2018/07/24,19:00〜21:00,カラビナテクノロジー 3F MTGroom福岡県福岡市中央区天神1-2-4 農業共済ビル 3F,1,12
684869,https://techplay.jp/event/684869/,【サポーターズ勉強会】読み解いて理解するオブジェクト指向デザインパターン (Adapter編),2018/07/26,19:30〜21:00,渋谷スクエアA 11F東京都渋谷区道玄坂1-9-5,"",20
684870,https://techplay.jp/event/684870/,BizteXベルギービアバッシュ#03（自動化の技術を学ぶ会 with ベルギービール）,2018/07/27,19:00〜21:00,BizteX株式会社オフィス東京都港区北青山3-3-13(共和五番館 2F),5,12
684872,https://techplay.jp/event/684872/,DTM勉強会vol.2 ドラムプログラミング中～上級②,2018/07/28,10:00〜12:00,水道橋西神田ビル2Fオフィス千代田区西神田2-7-14 西神田ビル2F,"",6
684873,https://techplay.jp/event/684873/,[秋葉原]『Unityの寺子屋』定番スマホゲーム開発入門(和尚本)輪読＆勉強会 4回目,2018/07/29,18:30〜20:45,コワーキングスペース秋葉原Weeyble東京都千代田区神田須田町２丁目１９−２３ (野村第３ビル ４階),3,13
684874,https://techplay.jp/event/684874/,Ruby 勉強会 #3 & もくもく作業会,2018/07/19,19:00〜21:00,SILN福島県福島市栄町1番35号福島キャピタルフロント7F,8,""
684875,https://techplay.jp/event/684875/,[秋葉原] ゆるふわ C# もくもく勉強会 #47,2018/07/19,19:30〜21:30,コワーキングスペース秋葉原Weeyble東京都千代田区神田須田町２丁目１９−２３ (野村第３ビル ４階),"",12
684876,https://techplay.jp/event/684876/,[秋葉原] 自然言語処理と深層学習の勉強会(初学者向け) #初回,2018/07/20,19:30〜21:30,コワーキングスペース秋葉原Weeyble東京都千代田区神田須田町２丁目１９−２３ (野村第３ビル ４階),40,40
684877,https://techplay.jp/event/684877/,"Blender,シェーダー,アニメ(Live2D,Spine,SpriteStudio)もくもく会",2018/07/20,19:15〜21:30,コワーキングスペース秋葉原Weeyble東京都千代田区神田須田町２丁目１９−２３ (野村第３ビル ４階),3,8
684878,https://techplay.jp/event/684878/,第20回 Scrum Masters Night!,2018/08/01,19:00〜21:00,株式会社ビズリーチ東京都渋谷区渋谷2-15-1 渋谷クロスタワー 12F,4,46
684880,https://techplay.jp/event/684880/,機械学習 名古屋 研究会 #5,2018/08/23,19:00〜21:00,有限会社来栖川電算名古屋市中区新栄1-29-23 (アーバンドエル新栄2階),"",12
684882,https://techplay.jp/event/684882/,kintone Café 大阪 Vol.19 〜 kintoneを使ってみんなで知恵をふりしぼるハンズオン 〜,2018/07/30,19:00〜20:30,大阪産業大学 サテライトキャンパス レクチャールームB大阪市北区梅田1-1-3 大阪駅前第3ビル19階,9,20
684884,https://techplay.jp/event/684884/,リモートもくもく会 #2,2018/07/19,19:30〜22:00,https://appear.in/java-kueche-mokumoku,2,10
684885,https://techplay.jp/event/684885/,四国クラウドお遍路2018 懇親会,2018/09/01,18:30〜20:30,高知県立大学 永国寺キャンパス 食堂高知市永国寺町2番22号,2,60
684893,https://techplay.jp/event/684893/,2時間でマスターしちゃう AWS Fargate ＆ Cloudwatch ハンズオン,2018/07/28,11:00〜13:00,渋谷(決まり次第告知)渋谷区渋谷,"",20
684894,https://techplay.jp/event/684894/,Google Homeアプリ開発学習会　今回のテーマは「Dialogflowだけでアプリ作成」,2018/07/18,19:00〜21:00,ギークオフィス恵比寿東京都渋谷区恵比寿4-7-6,1,5
684895,https://techplay.jp/event/684895/,【全4回】【初心者向け】データベース設計とSQL実践演習,2018/07/29,16:00〜18:00,水道橋駅付近千代田区西神田2-7-14 YS西神田ビル2F,3,8
684907,https://techplay.jp/event/684907/,MySQLセキュリティソリューション＆コンプライアンス対応セミナー,2018/08/01,13:30〜16:30,日本オラクル株式会社 本社東京都港区北青山2-5-8青山OMスクエア 13F,"",80
684908,https://techplay.jp/event/684908/,半日【HTML知識不要】WEBサイト、ECサイト制作を自分でしてみませんか？,2018/07/17,10:00〜14:30,東京駅近郊,0,10
684909,https://techplay.jp/event/684909/,半日【HTML知識不要】WEBサイト、ECサイト制作を自分でしてみませんか？,2018/07/18,10:00〜14:30,東京駅近郊,0,10
684910,https://techplay.jp/event/684910/,【大阪・梅田】WEB系言語もくもく会,2018/08/01,18:30〜20:30,株式会社スポーツフィールド大阪市北区芝田1-14-8梅田北プレイス5階,0,6
684916,https://techplay.jp/event/684916/,【7/31(火)開催】Azure IoTテクノロジー ハンズオン！,"
                    2018/07/31
                    10:00〜
                ",,AJITO島根県松江市津田町３０１,1,10
684924,https://techplay.jp/event/684924/,【神戸】GCPUG KOBE #2 【GCP】～今回のテーマは、「AI」！！～,2018/08/22,18:30〜21:00,神戸デジタル・ラボ神戸市中央区京町72番地　新クレセントビル,"",45
684925,https://techplay.jp/event/684925/,第５回CoderDojo香椎,2018/08/05,14:00〜16:00,並木スクエア　第３会議室福岡市東区千早4丁目21番45号,4,""
684929,https://techplay.jp/event/684929/,JAWS-UG京都 AWSマネージドDB祭～まだDBにEC2使ってんの？～,2018/07/31,19:15〜21:20,株式会社KYOSO 3Fイベントスペース京都市中京区蛸薬師通烏丸西入橋弁慶町227 第12長谷ビル3F,33,50
684930,https://techplay.jp/event/684930/,最大6名の少人数制　webマーケティングとは？新任webマーケティング担当者向け 入門編,2018/07/19,13:30〜16:30,サポタント株式会社　大阪支社セミナールーム大阪市北区梅田3-4-5　毎日新聞ビル4F,"",4
684932,https://techplay.jp/event/684932/,【ビジネスセミナー】Microsoft AzureとKUSANAGIで実践する、PostgreSQL最新活用セミナー,2018/07/24,14:00〜17:00,日本マイクロソフト株式会社 品川本社 東京都港区港南 2-16-3 品川グランドセントラルタワー,1,20
684933,https://techplay.jp/event/684933/,7月 よく使うセキュリティモジュールとLANDO/Dockerを学ぶ,2018/07/17,19:00〜21:30,かながわ県民センタ 7階 703号室神奈川県横浜市神奈川区鶴屋町2-24-2,"",10
684937,https://techplay.jp/event/684937/,CSS最新レイアウト Flexbox 徹底解説 2.0｜生明塾,2018/07/21,13:00〜15:00,ヒートウェーブ レンタルルーム東京都新宿区歌舞伎町2-46-5 KM新宿ビル 7階,5,10
684938,https://techplay.jp/event/684938/,ドットテックもくもく会@東京 #2018年8月号,2018/08/11,11:00〜17:30,コワーキングスペース茅場町 Co-Edo東京都中央区新川1-3-4 PAビル5F,1,8
684939,https://techplay.jp/event/684939/,ドットテックもくもく会@大阪 #2018年8月号,2018/08/11,11:00〜17:30,ドットテック大阪支社大阪府大阪市中央区久太郎町2-4-16 創空KYUTARO 405,3,6
684940,https://techplay.jp/event/684940/,経験豊富なAIエンジニアが教える、実務で使える機械学習講座‐AIジョブカレ第22期,2018/07/25,19:30〜21:30,PMO東新橋２F東京都 港区 東新橋2-12-1,2,20
684941,https://techplay.jp/event/684941/,経験豊富なAIエンジニアが教える、実務で使える機械学習講座‐AIジョブカレ第22期,2018/07/25,19:30〜21:30,ＰＭＯ東新橋東京都 港区 東新橋2-12-1,"",20
684946,https://techplay.jp/event/684946/,【サポーターズ勉強会】文書分類で自然言語処理に触れる,2018/07/31,19:30〜21:00,渋谷スクエアA 11F東京都渋谷区道玄坂1-9-5,"",20
684947,https://techplay.jp/event/684947/,大注目上場を果たしたメルカリのアプリマーケティングを徹底解剖！,2018/07/27,18:00〜20:00,メルカリオフィス〒106-6118　東京都港区六本木6-10-1　六本木ヒルズ森タワー18F,11,18
684948,https://techplay.jp/event/684948/,吉祥寺 IT KiDS「こどもプログラミング教室」無料体験教室,2018/07/18,16:00〜16:30,IT KiDS 武蔵野緑町教室〒180-0012 東京都武蔵野市 緑町1丁目4−8,I KS 武蔵野緑町教室,""
684949,https://techplay.jp/event/684949/,【メンター募集】第18回 CoderDojo大津,2018/07/28,13:00〜18:00,オプテックスにおの浜ビル ２F わいがやサロン滋賀県大津市におの浜４丁目７−５,1,""
684950,https://techplay.jp/event/684950/,武蔵野緑町 IT KiDS「こどもプログラミング教室」無料体験教室,2018/07/17,16:00〜16:30,IT KiDS 武蔵野緑町教室〒180-0012 東京都武蔵野市 緑町1丁目4−8,I KS 武蔵野緑町教室,""
684951,https://techplay.jp/event/684951/,第18回 CoderDojo大津,2018/07/28,14:00〜17:00,オプテックスにおの浜ビル 2階 わいがやサロン滋賀県大津市におの浜４丁目７−５,"",10
684952,https://techplay.jp/event/684952/,札幌C++勉強会/もくもく会 #125,2018/07/19,20:00〜23:00,"",1,""
684954,https://techplay.jp/event/684954/,Dyverse Blockchain x AR Game Meetup Tokyo,2018/08/02,19:00〜21:00,Neutrino Japan〒150-0031 東京都渋谷区桜丘町12-10 住友不動産渋谷インフォスアネックス1階 ,2,35
684955,https://techplay.jp/event/684955/,obnizハンズオン#1,2018/08/22,19:00〜21:00,Connecting The Dots YOYOGI 地下1F東京都渋谷区代々木1-29-5 (ＹＫビル 地下１Ｆ),1,18
684956,https://techplay.jp/event/684956/,Google Cloud Next 2018 Extended App & Infra Day,2018/08/24,18:50〜21:50,六本木ヒルズ 森タワー Google Japan東京都港区六本木６丁目１０−１,"",158
684957,https://techplay.jp/event/684957/,沖縄IT女子会#1,2018/08/04,13:00〜15:30,株式会社プロトソリューション（第2ビル）〒 901-2223 沖縄県宜野湾市大山 7-10-14 プロト宜野湾第2ビル ,11,20
684959,https://techplay.jp/event/684959/,Python Boot Camp in 京都,2018/08/25,13:00〜17:00,株式会社はてな 京都オフィス 8F京都府京都市中京区御池通間之町東入高宮町206 (御池ビル8F),1,34
684960,https://techplay.jp/event/684960/,Google Cloud Next 2018 Extended BigData & ML Day,2018/08/17,18:50〜21:50,六本木ヒルズ 森タワー Google Japan東京都港区六本木６丁目１０−１,"",158
684961,https://techplay.jp/event/684961/,デザイナーの放課後 #3 デザイナーが語る「ブランディング」の現場,2018/08/07,19:30〜22:00,株式会社LIFULL　2F ワーキングスペース「LIFULL HUB」東京都千代田区麹町1-4-4,"",40
684962,https://techplay.jp/event/684962/,酔いどれGCPUG Next報告会,2018/08/08,18:30〜21:30,株式会社マネーフォワード東京都港区芝浦3-1-21（msb Tamachi 田町ステーションタワーS 21F）,"",90
684963,https://techplay.jp/event/684963/,経験豊富なAIエンジニアが教える、実務で使える機械学習講座‐AIジョブカレ第22期,2018/07/25,19:30〜21:30,ＰＭＯ東新橋東京都 港区 東新橋2-12-1,ＰＭＯ東新橋,""
684965,https://techplay.jp/event/684965/,カイゼン・ジャーニー 著者による本読みの会 第09話「一人からチームへ」再放送,2018/07/21,08:00〜08:30,"",3,40
684969,https://techplay.jp/event/684969/,"2時間で学ぶレスポンシブHTML,CSS実践基礎講座",2018/07/29,15:00〜17:00,東京都世田谷区上北沢3-10-15 アクロキューブ株式会社,"",6
684970,https://techplay.jp/event/684970/,"2時間で学ぶレスポンシブHTML,CSS実践基礎講座",2018/07/22,15:00〜17:00,東京都世田谷区上北沢3-10-15 アクロキューブ株式会社,"",6
684983,https://techplay.jp/event/684983/,【未経験歓迎-SQL講座】データサイエンティストから体系的に学ぶスクール‐AIジョブカレ,2018/08/31,19:30〜21:30,PMO東新橋２F東京都 港区 東新橋2-12-1,0,20
684984,https://techplay.jp/event/684984/,【初学者歓迎】Python入門＋機械学習で必要な数学講座開講‐AIジョブカレ第4期,2018/08/20,19:30〜21:30,PMO東新橋２F東京都 港区 東新橋2-12-1,2,20
684985,https://techplay.jp/event/684985/,【オラクル、クライド共催】ABMを実現するためのMA・データ活用セミナー,2018/08/07,15:00〜17:00,日本オラクル株式会社　13階会議室港区北青山2-5-8　オラクル青山センター,"",10
684994,https://techplay.jp/event/684994/,【未経験歓迎-SQL講座】データサイエンティストから体系的に学ぶスクール‐AIジョブカレ,2018/08/31,19:30〜21:30,  ​PMO東新橋２F エッジコンサルティング株式会社 東京都 港区 東新橋2-12-1　 ​PMO東新橋２F,"",20
685001,https://techplay.jp/event/685001/,【初学者歓迎！】Python入門＋機械学習で必要な数学講座開講‐AIジョブカレ第4期開講,2018/08/20,19:30〜21:30,  ​PMO東新橋２F エッジコンサルティング株式会社 東京都 港区 東新橋2-12-1　 ​PMO東新橋２F,"",20
685002,https://techplay.jp/event/685002/,Meguro.rb#17 2018/07/31(Tue.) at アカツキ,2018/07/31,19:00〜22:00,株式会社アカツキ東京都品川区上大崎2-13-30 oak meguro 8階,1,40
685004,https://techplay.jp/event/685004/,Women Who Go Tokyo #25 ステップアップGo,2018/07/31,19:00〜21:00,株式会社メルカリ東京都港区六本木６丁目１０−１ 六本木ヒルズ森タワー 18F,9,13
685007,https://techplay.jp/event/685007/,【名古屋で開催！】データから価値を見つけ出す！データサイエンティストスタートダッシュセミナー,2018/07/25,19:30〜21:00,fabbit栄名古屋市中区栄三丁目15-27 いちご栄ビル9F fabbit栄,"",20
685008,https://techplay.jp/event/685008/,品質、データ、UXの視点で考える「本当にいいアプリ」とは？App Meetup #3,2018/07/25,05:30〜20:30,株式会社グッドパッチ東京都渋谷区鴬谷町3-3(VORT渋谷south 2階),"",30
685010,https://techplay.jp/event/685010/,【京都】LINE Developer Meetup #42,2018/07/26,19:00〜22:00,LINE KYOTO ラボスペース京都府京都市下京区四条通麸屋町西入る立売東町28番地 SAKIZO PLAZA B1F,"",35
685012,https://techplay.jp/event/685012/,仙台で開催「なりたい！」から「目指す！」へ！データサイエンティストの仕事がわかるハンズオンセミナー！,2018/07/17,19:30〜21:00,enspace宮城県仙台市青葉区国分町1-4-9 芭蕉の辻AGOビル,2,20
685014,https://techplay.jp/event/685014/,Progateもくもく会！@Progateオフィス,2018/07/20,10:00〜13:30,Progateオフィス東京都渋谷区神泉町10-10 アシジ神泉ビル8F,15,15
685015,https://techplay.jp/event/685015/,【サポーターズCoLab勉強会】オンラインゲームのしくみを知ってみよう,2018/08/01,19:45〜21:15,渋谷スクエアA 11F東京都渋谷区道玄坂1-9-5,"",20
685016,https://techplay.jp/event/685016/,【学生限定】ブロックチェーンアプリDapps開発勉強会,2018/08/12,18:00〜22:00,新宿某所(後ほどお知らせします)新宿,"",20
685018,https://techplay.jp/event/685018/,PyLadies Handbook 翻訳しNight 〜第4夜〜,2018/08/06,19:00〜21:00,株式会社ビープラウド東京都渋谷区千駄ヶ谷5-32-7-4F,1,24
685019,https://techplay.jp/event/685019/,【初心者歓迎】イイラボAndroid部 #5,2018/08/17,20:00〜22:00,日本経営道協会東京都千代田区外神田2-2-19(丸和ビル2F),"",25
685020,https://techplay.jp/event/685020/,Androidエンジニア デザイン部 #2,2018/08/07,19:00〜22:00,株式会社ミクシィ 7F コラボレーションルーム東京都渋谷区東1-2-20(住友不動産渋谷ファーストタワー7F),30,69
685021,https://techplay.jp/event/685021/,SIGIR2018 報告会 〜世界の検索テクノロジーとメルカリの未来〜,2018/08/08,19:30〜21:30,株式会社メルカリ東京都港区六本木6-10-1(六本木ヒルズ森タワー18F),"",50
685024,https://techplay.jp/event/685024/,「コンテキストの理解と実践」UXワークショップ：【第40回】,2018/09/07,19:00〜21:30,TAMコワーキング東京東京都千代田区神田小川町3-28-9　三東ビル1F,16,30
685029,https://techplay.jp/event/685029/,DDD.rb #20 (PlantUML),2018/07/28,13:00〜17:00,本町オープンソースラボ（株式会社SOU）大阪市中央区瓦町3-4-9 ステーツ本町ビル8F,2,10
685033,https://techplay.jp/event/685033/,最大6名の少人数制　webマーケティングとは？新任webマーケティング担当者向け 入門編,2018/08/23,13:30〜16:30,サポタント株式会社　東京本社セミナールーム東京都港区南青山1-1-1　新青山ビル 東館19F,"",5
685037,https://techplay.jp/event/685037/,第26回バーチャル・サミット関西,2018/07/27,19:30〜21:30,株式会社モノビット　神戸本社セミナールーム神戸市中央区京町78番地 三宮京町ビル 3階 A号室,10,35
685038,https://techplay.jp/event/685038/,TX.rb第23回,2018/07/22,13:00〜17:00,31VENTURES KOIL6F内 KOILスタジオ千葉県柏市若柴178番地4,1,20
685039,https://techplay.jp/event/685039/,【初学者歓迎】Python入門＋機械学習で必要な数学講座開講‐AIジョブカレ第4期,2018/08/20,19:30〜21:30,PMO東新橋２F　エッジコンサルティング株式会社 港区 東新橋2-12-1  ​PMO東新橋２F,"",20
685040,https://techplay.jp/event/685040/,Sakura Support Festival in Sapporo,2018/08/03,19:00〜22:00,ビットスター株式会社　ラウンジスペース札幌市中央区南7条西1丁目21番地1　第3弘安ビル3F,"",30
685041,https://techplay.jp/event/685041/,【初心者歓迎-SQL講座】データサイエンティストから体系的に学ぶスクール‐AIジョブカレ,2018/08/31,19:30〜21:30,PMO東新橋２F東京都 港区 東新橋2-12-1,MO東新橋２F,""
685042,https://techplay.jp/event/685042/,PC初心者でも素敵なホームページが作れる！WIX基本操作講習会,2018/08/05,10:00〜12:00,リフォーム不動産　深川Studio東京都江東区深川2-29-5 高橋ビル1F,"",4
685047,https://techplay.jp/event/685047/,Google アナリティクス 基礎～なるほど、Web解析！,2018/08/05,13:00〜15:00,東京都新宿区新宿5-11-30 新宿第五葉山ビル 3階 ミーティングルーム,1,6
685048,https://techplay.jp/event/685048/,Google アナリティクス 基礎～なるほど、Web解析！,2018/08/12,13:00〜15:00,東京都新宿区新宿5-11-30 新宿第五葉山ビル 3階 ミーティングルーム,1,6
685049,https://techplay.jp/event/685049/,Google アナリティクス 基礎～なるほど、Web解析！,2018/08/19,13:00〜15:00,東京都新宿区新宿5-11-30 新宿第五葉山ビル 3階 ミーティングルーム,"",6
685050,https://techplay.jp/event/685050/,Google アナリティクス 基礎～なるほど、Web解析！,2018/08/25,13:00〜15:00,東京都新宿区新宿5-11-30 新宿第五葉山ビル 3階 ミーティングルーム,"",6
685053,https://techplay.jp/event/685053/,【初心者向け】GoogleアナリティクスでPDCAを回す方法,2018/07/24,19:00〜21:00,社会企業大学内　教室東京都千代田区二番町2番平田ビル 1階,"",15
685060,https://techplay.jp/event/685060/,[9/14（金）開催]ファッション業界のキーパーソンが大集合！第2回 [自社] EC サイト成功事例セミナー,2018/09/14,13:00〜17:30,ANA インターコンチネンタルホテル東京,0,1000
685061,https://techplay.jp/event/685061/,週1からはじめられるプログラミング塾 Ruby Climbing 相談会,2018/07/23,20:00〜21:00,サークルアラウンド株式会社東京都新宿区高田馬場1-31-8 高田馬場ダイカンプラザ1025,0,5
685062,https://techplay.jp/event/685062/,シニアプログラミングもくもく会 2018年7月版,2018/07/31,18:30〜21:00,TECH PLAY SHIBUYA東京都渋谷区宇田川町20-17 NMF渋谷公園通りビル 8F,7,20
685070,https://techplay.jp/event/685070/,WindowsServer勉強会「WindowsServerによろしく」開催,2018/07/21,14:30〜17:45,NATULUCK八丁堀駅前店 中会議室東京都中央区八丁堀4-9-13 ニチレックビル　８階,6,25
685071,https://techplay.jp/event/685071/,"""徳丸本""LT会@WeWork新橋",2018/07/25,19:00〜20:30,WeWork新橋東京都港区新橋 6-19-13,8,11
685072,https://techplay.jp/event/685072/,フクオカブロックチェーンmeetup,2018/07/27,19:00〜21:40,Fukuoka Growth Next〒810-0041 福岡県福岡市中央区大名2丁目6−11,"",70
685074,https://techplay.jp/event/685074/,関西Node学園 3時限目,2018/08/03,19:00〜21:30,LINE KYOTOオフィス京都府京都市下京区四条通麸屋町西入る立売東町28番地 SAKIZO PLAZA B1F,26,43
685076,https://techplay.jp/event/685076/,第24回 中国地方DB勉強会 in 広島,2018/09/29,13:00〜17:40,"",2,33
685084,https://techplay.jp/event/685084/,toruby 141st,2018/08/01,18:30〜21:00,西那須野公民館栃木県那須塩原市太夫塚1丁目194番地78,2,""
685085,https://techplay.jp/event/685085/,Ruby勉強会@宇都宮 -2018/8-,2018/08/11,13:30〜17:30,今泉地域コミュニティーセンター栃木県宇都宮市元今泉1丁目7番29号,3,10
685103,https://techplay.jp/event/685103/,関西EC担当者の集い！ライトニングトーク付き交流会,2018/08/03,19:30〜21:00,TAM大阪1階コワーキング大阪市北区末広町3-7,"",15
685106,https://techplay.jp/event/685106/,(コピー)プログラミング道場 CoderDojo甲斐竜王 #4,2018/07/21,10:00〜12:00,竜王中部公園セミナーハウス甲斐市西八幡2660,"",10
685107,https://techplay.jp/event/685107/,プログラマのためのSQL 読書会(23),2018/07/26,19:30〜21:30,下目黒住区センター第3会議室目黒区下目黒二丁目20番19号,"",16
685108,https://techplay.jp/event/685108/,(コピー)Pepper アプリ開発体験教室/中級/#3(2/3),2018/07/28,13:00〜16:00,山本ビル6Ｆ　新山口シェアオフィス601山口県山口市小郡黄金町7-4 山本ビル,"",8
685111,https://techplay.jp/event/685111/,すみだセキュリティ勉強会2018その2,2018/08/04,10:00〜12:00,すみだ産業会館 9F 第4会議室東京都墨田区江東橋3丁目9番10号,"",50
685112,https://techplay.jp/event/685112/,みんなでエディタソン#01,2018/08/26,13:00〜17:00,高槻市立生涯学習センター大阪府高槻市桃園町２−１,1,13
685123,https://techplay.jp/event/685123/,【デザイナー・ディレクター向け】2日間でしっかり理解するHTML・CSS+後日課題有り,"
                    2018/07/21
                    10:00〜
                ",,株式会社メディアインキュベート オフィス東京都中央区湊3丁目16-3 2F,"",3
685127,https://techplay.jp/event/685127/,kaggleもくもく会＠池袋,2018/07/22,10:00〜15:00,MPS Atelier東京都豊島区南池袋 3−18−35 OKビル 201,5,8
685132,https://techplay.jp/event/685132/,子ども向けプログラミング道場：コーダー道場13回目@本町,2018/08/05,13:00〜15:30,本町オープンソースラボ（株式会社SOU）大阪市中央区瓦町3-4-9 ステーツ本町ビル8F,7,8
685176,https://techplay.jp/event/685176/,【働き方改革】7/29(日) ゼロから学べるGitHubハンズオン＠新宿,2018/07/29,17:00〜19:00,CROSSCOOP新宿SOUTH6階東京都新宿区新宿 4−3−17 FORECAST新宿SOUTH,6,5
685177,https://techplay.jp/event/685177/,Kamakura Mok Mok Hack 5,2018/07/21,11:00〜13:00,カフェ レクセル CIAL鎌倉店神奈川県鎌倉市小町1-1-1,1,7
685178,https://techplay.jp/event/685178/,【全3回】機械学習・統計を学ぶ際に知っておきたい中学・高校の数学 #1,2018/07/23,19:30〜22:00,水道橋駅周辺千代田区西神田2-7-14 YS西神田ビル2F,1,7
685182,https://techplay.jp/event/685182/,【働き方改革】7/29(日) ゼロから学べるGitHubハンズオン＠新宿,2018/07/29,17:00〜19:00,CROSSCOOP新宿SOUTH6階東京都新宿区新宿 4−3−17 FORECAST新宿SOUTH,"",5
685184,https://techplay.jp/event/685184/,C#超基本勉強会(Skype上）,2018/07/20,22:00〜23:00,"",1,""
685185,https://techplay.jp/event/685185/,IoT もくもく会 KOIL vol.22,2018/08/11,13:00〜19:00,KOILスタジオ千葉県柏市若柴178 番地4 柏の葉キャンパス148 街区2 ショップ＆オフィス棟６階,"",16
685186,https://techplay.jp/event/685186/,第9回 CoderDojo 福岡,2018/08/11,14:00〜16:00,赤煉瓦文化館福岡市中央区天神1-15-30,"",7
685191,https://techplay.jp/event/685191/,RPA勉強＆LT会！RPALT vol4 with Tech Night！@ソフトバンク,2018/08/10,19:00〜22:00,SoftBank汐留新館キャンパス東京都港区東新橋1-9-2（汐留住友ビル14F）,53,154
685192,https://techplay.jp/event/685192/,名古屋データ分析もくもく会#4,2018/09/01,13:00〜18:30,セルフカフェ 覚王山愛知県名古屋市千種区末盛通3-41-3,1,10
685193,https://techplay.jp/event/685193/,ロボット・IoT・AIの未来。最新技術の今をエンジニアが紹介します。,2018/07/21,15:00〜17:00,株式会社Waplus　ビーイング四ツ橋ビル6階北側大阪府大阪市西区北堀江１丁目３−２ ビーイング四ツ橋ビル6階北側,6,15
685194,https://techplay.jp/event/685194/,[秋葉原]『Unityの寺子屋』定番スマホゲーム開発入門(和尚本)輪読＆勉強会 2回目,2018/07/15,18:30〜20:45,コワーキングスペース秋葉原 Weeyble（ウィーブル)東京都千代田区神田須田町２丁目１９−２３(野村第３ビル４階),"",15
685195,https://techplay.jp/event/685195/,WordBench埼玉 2018 vol.3 WooCommerce勉強会,2018/07/21,18:00〜20:00,貸会議室6F埼玉県さいたま市大宮区宮町1-5 銀座ビル6階,"",20
685197,https://techplay.jp/event/685197/,Rails Follow-up Kobe #40,2018/09/15,10:00〜12:00,Nilquebe兵庫県神戸市東灘区深江本町3-9-1 深江駅前ビル201,"",12
685209,https://techplay.jp/event/685209/,ゆるりとワードプレス勉強会＠つくば,2018/07/28,14:30〜18:00,Atelier como 茨城県つくば市研究学園4-6-3,"",20
685210,https://techplay.jp/event/685210/,8月のプログラマーズカフェ 2018,2018/08/11,13:00〜17:00,武蔵野プレイス 3F スペースA東京都武蔵野市境南町2-3-18,2,12
685212,https://techplay.jp/event/685212/,統計/計量分析から学ぶファイナンス入門 #1,2018/07/22,16:00〜18:00,水道橋駅周辺千代田区西神田2-7-14 YS西神田ビル2F,1,5
685213,https://techplay.jp/event/685213/,第22回CoderDojo久留米　メンター(スタッフ)・見学用,2018/07/22,13:30〜17:00,Mekuruto福岡県久留米市中央町11-1(第一田中ビル2階),Muu,""
685214,https://techplay.jp/event/685214/,第22回CoderDojo久留米,2018/07/22,14:00〜16:30,Mekuruto福岡県久留米市中央町11-1(第一田中ビル2階),1,10
685215,https://techplay.jp/event/685215/,競プロ入門書輪読会,2018/07/28,15:00〜16:30,CAMPHOR- HOUSE京都府京都市左京区吉田牛ノ宮町１６,3,10
685216,https://techplay.jp/event/685216/,AI概要入門(制度・政策・倫理編),2018/08/12,13:00〜17:00,(株)HCI 本社工場 2F 会議室大阪府泉大津市式内町6-30,5,""
685217,https://techplay.jp/event/685217/,夏のラズパイオーディオミートアップ in ODC2018,2018/08/26,13:00〜20:00,日本工学院専門学校 蒲田キャンパス東京都大田区西蒲田5-23-22,"",140
685218,https://techplay.jp/event/685218/,ラズパイオーディオハンズオン in ODC2018,2018/08/26,10:00〜12:00,日本工学院専門学校 蒲田キャンパス東京都大田区西蒲田5-23-22,"",20
685219,https://techplay.jp/event/685219/,第23回CoderDojo久留米　メンター(スタッフ)・見学用,2018/08/18,13:30〜17:00,Mekuruto福岡県久留米市中央町11-1(第一田中ビル2階),Muu,""
685220,https://techplay.jp/event/685220/,第23回CoderDojo久留米,2018/08/18,14:00〜16:30,Mekuruto福岡県久留米市中央町11-1(第一田中ビル2階),2,10
685221,https://techplay.jp/event/685221/,Pythonもくもく自習室 #13 @ Rettyオフィス,2018/09/01,11:00〜19:00,Retty株式会社 麻布十番オフィス東京都港区三田一丁目4番1号 (住友不動産麻布十番ビル3F),1,18
685222,https://techplay.jp/event/685222/,CoderDojo豊橋の開校について（8月の開催予定）,"
                    2018/08/03
                    16:30〜
                ",,豊橋創造大学D22ゼミ室〒440-0016 愛知県豊橋市牛川町松下２０−１,11,30
685223,https://techplay.jp/event/685223/,【vol.455】◆操作Step2◆ SEO&集客セミナー,2018/08/25,15:30〜17:30,session STUDIO（バックステージ内）大阪市西区京町堀1-8-31 安田ビル2F,"",8
685227,https://techplay.jp/event/685227/,【vol.446】知らないと成果が上がらない〜基本操作のおさらいアラカルト〜,2018/08/20,10:30〜12:00,session STUDIO（バックステージ内）大阪市西区京町堀1-8-31 安田ビル2F,"",8
685238,https://techplay.jp/event/685238/,子どもヘボテック：はじめてのプログラミング,2018/08/15,13:30〜15:30,東京都新宿区新宿 ビクセル新宿１F パセラのコワーク東新宿店,1,4
685244,https://techplay.jp/event/685244/,iOSアプリ開発 オンラインもくもく会 #04,2018/07/21,13:00〜17:00,Twitter,w,""
685246,https://techplay.jp/event/685246/,【プログラミング初心者向け】2時間で速習！Python文法講座,2018/07/18,19:30〜22:00,サイバーブレイン株式会社新宿区高田馬場4-18-2  (富久正ビル 204号),"",8
685247,https://techplay.jp/event/685247/,夜活Python 入門編 in 池袋,2018/07/19,20:00〜21:30,池袋サンシャインシティ tully's coffee  アルパ店東京都豊島区東池袋3-1-2,"",3
685248,https://techplay.jp/event/685248/,[第9回] Django 2.0 で Webアプリケーション作る会,2018/07/20,19:00〜21:00,アメリエフ株式会社東京都港区芝4-12-2 (クロスサイド田町ビル６階),1,8
685249,https://techplay.jp/event/685249/,夜活Python 入門編 in 池袋,2018/07/20,20:00〜21:30,池袋サンシャインシティ tully's coffee  アルパ店東京都豊島区東池袋3-1-2,"",3
685250,https://techplay.jp/event/685250/,第16回　CoderDojo Hitachinaka,2018/08/12,13:30〜15:30,ふぁみりこらぼひたちなか市石川町11-1,"",7
685255,https://techplay.jp/event/685255/,【初心者向け】Python基礎マンツーマン講座,2018/07/31,09:00〜11:00,STARBUCKS（スターバックス）新大手町ビル店東京都千代田区大手町2-2-1 新大手町ビル1階,"",1
685266,https://techplay.jp/event/685266/,どんなにWeb集客が苦手でも、９０日でグーッと利益を２倍にする講座,2018/07/16,11:00〜12:00,大阪府大阪市北区角田町７−１０ ロンドンティールーム 阪急百貨店メンズ館店,"",2
685273,https://techplay.jp/event/685273/,IT初心者の為の渋谷もくもく会＃3,2018/07/28,16:00〜18:00,Connecting The Dots SHIBUYA渋谷区神南1-20-7 川原ビル４階,1,6
685274,https://techplay.jp/event/685274/,【大阪】Unityコードレビュー/モブプロ会,2018/07/19,13:00〜18:00,Kiiiya Hommachi大阪市中央区本町4丁目7-7-303,4,5
685275,https://techplay.jp/event/685275/,scikit-learnとTensorFlowによる実践機械学習輪読会#8,2018/07/20,19:15〜21:30,新宿溝口クリニック東京都新宿区新宿2-3-11-4F,2,30
685276,https://techplay.jp/event/685276/,Hour of Code夏休み プログラミング in 豊橋創造大学,2018/08/25,10:00〜15:00,"豊橋創造大学　D棟2F　D22,23教室（予定）〒440-0016 愛知県豊橋市牛川町松下２０−１",9,35
685286,https://techplay.jp/event/685286/,えむぼま／ AWS Cloud Express Roadshow in 松山 クラウド＆IoTセミナー,2018/07/26,14:00〜17:00,愛媛CATV 5F セミナールーム愛媛県松山市大手町1-11-4,"",100
685288,https://techplay.jp/event/685288/,第30回コーダー道場札幌東 開催！,2018/07/21,10:00〜12:00,札幌産業振興センター札幌市白石区東札幌5条1丁目1－1,16,20
685289,https://techplay.jp/event/685289/,第43回 ベイサイド プログラミングもくもく会@マスマス,2018/07/31,18:00〜20:30,mass × mass神奈川県横浜市中区北仲通3-33 (関内フューチャーセンター 神奈川県中小企業共済会館),"",16
685290,https://techplay.jp/event/685290/,第15回 学生エンジニアLT大会！！！ in 岡山,2018/08/04,13:00〜17:30,KLab Inc. 岡山事業所 1F岡山県岡山市北区錦町５ ＫＬａｂ（株）,"",20
685291,https://techplay.jp/event/685291/,体験会 at CoderDojo 下北沢,2018/08/05,13:30〜14:30,下北沢OSSカフェ東京都世田谷区代田6-11-14-G1,"",6
685292,https://techplay.jp/event/685292/,量子情報勉強会 |57>,2018/08/25,13:00〜17:00,（株）ねこねこエンジニアリング〒101-0032 東京都千代田区岩本町２丁目１０−９,6,12
685303,https://techplay.jp/event/685303/,AI x IoT縛りの勉強会! ラズパイで組み込みAIやってみよう,2018/07/23,19:00〜21:30,DMM.make AKIBA東京都千代田区神田練塀町3富士ソフト秋葉原ビル,"",22
685304,https://techplay.jp/event/685304/,【全3回】プロジェクトマネジメント入門 #1,2018/07/28,16:00〜18:00,水道橋駅付近千代田区西神田2-7-14 YS西神田ビル2F,1,7
685305,https://techplay.jp/event/685305/,[Math & Coding分科会]測度論#09〜,2018/07/28,09:30〜12:30,大阪市内大阪市中央区中之島,2,10
685307,https://techplay.jp/event/685307/,【全3回】【Linux入門シリーズ】Linux実践演習 #2,2018/07/29,13:00〜15:00,水道橋付近千代田区西神田2-7-14 YS西神田ビル2F,"",12
685308,https://techplay.jp/event/685308/,【全3回：初心者向けRaspberry Pi講座】第3回「Raspberry Piで自由課題に挑戦」,2018/08/23,13:00〜17:00,Scribble Osaka Lab（SOL） （大阪メトロ御堂筋線「淀屋橋」駅１番出口より徒歩４分）（大阪市北区西天満二丁目５番３号・堂島深川ビル３階）,"",15
685309,https://techplay.jp/event/685309/,【全3回：初心者向けRaspberry Pi講座】第2回「Raspberry Piで物体検出」,2018/08/16,13:00〜17:00,Scribble Osaka Lab（SOL） （大阪メトロ御堂筋線「淀屋橋」駅１番出口より徒歩４分）（大阪市北区西天満二丁目５番３号・堂島深川ビル３階）,1,15
685310,https://techplay.jp/event/685310/,【全3回：初心者向けRaspberry Pi講座】第1回「Raspberry Piでディープラーニング」,2018/08/09,13:00〜17:00,Scribble Osaka Lab（SOL） （大阪メトロ御堂筋線「淀屋橋」駅１番出口より徒歩４分）（大阪市北区西天満二丁目５番３号・堂島深川ビル３階）,1,15
685311,https://techplay.jp/event/685311/,CoderDojo長岡京〜小中学生のためのプログラミング道場〜 41回目,2018/08/05,13:30〜16:15,長岡京コワーキングスペース〒617-0826 京都府長岡京市開田４丁目２−９ ヘルプビル3F,3,13
685325,https://techplay.jp/event/685325/,仕事で使える『Python』を学ぼう！ 　～Raspberry Piハンズオン～,2018/07/30,13:00〜17:00,国際産業技術株式会社　セミナールーム千代田区神田錦町1－1　神田橋安田ビル3階,0,10
685326,https://techplay.jp/event/685326/,第312回よちよちAndroidオフライン開発ミーティング in 大崎,2018/07/22,10:00〜12:30,ゲートシティ大崎、アトリウム東京都品川区大崎1丁目11−1,1,""
685327,https://techplay.jp/event/685327/,【初心者歓迎】0から3ヶ月でエンジニアになる勉強会 #1,2018/07/25,19:30〜21:30,渋谷@貸し会議室 レンタルスペース【HIDAMARI】東京都渋谷区桜丘町29-35 ヴィラ桜ヶ丘 305号室,9,12
685329,https://techplay.jp/event/685329/,[秋葉原] VRもくもく会,2018/07/20,19:15〜21:30,コワーキングスペース秋葉原Weeyble東京都千代田区神田須田町２丁目１９−２３ (野村第３ビル ４階),"",8
685332,https://techplay.jp/event/685332/,03①東京：ユーザー視点でわかりやすいサイトを作る〜UI設計のツボ,2018/08/04,16:30〜20:30,８階・小会議室東京都千代田区神田鍛冶町3-2-2  エッサム神田ホール１号館,"",12
685333,https://techplay.jp/event/685333/,02東京：UIデザインの常識を改める「認知学から学ぶUIの基本」,2018/08/04,13:00〜16:00,８階・小会議室東京都千代田区神田鍛冶町3-2-2  エッサム神田ホール 1号館,"",8
685334,https://techplay.jp/event/685334/,01東京：ユーザー視点のUIデザインへのヒント「街中のサイン表示」,2018/08/04,09:30〜12:00,８階・小会議室東京都千代田区神田鍛冶町3-2-2  エッサム神田ホール 1号館,"",12
685335,https://techplay.jp/event/685335/,メンター向けプログラミング道場：メンター広場7回目@本町,2018/07/31,19:00〜21:00,本町オープンソースラボ（株式会社SOU）大阪市中央区瓦町3-4-9 ステーツ本町ビル8F,2,6
685347,https://techplay.jp/event/685347/,よちよちAndroid名古屋支部 第65回オフライン開発ミーティング,2018/07/22,09:00〜12:00,名古屋市市民活動センター愛知県名古屋市中区栄3-18-1(ナディアパークデザインセンタービル6階),1,""
685348,https://techplay.jp/event/685348/,05東京：ユーザー視点で作る「UI性能が高いサイト設計＆提案書」,2018/08/26,13:00〜19:00,７階・小会議室東京都千代田区内神田3-24-5 エッサム神田ホール２号館,1,6
685349,https://techplay.jp/event/685349/,04東京：ブランド価値を高めていく「ユーザー視点のUIデザイン」,2018/08/05,17:30〜21:00,８階・小会議室東京都千代田区神田鍛冶町3-2-2  エッサム神田ホール１号館,"",12
685359,https://techplay.jp/event/685359/,【京都】WordPress超初心者から3時間でHPを作っちゃう講座,2018/08/26,10:00〜13:00,この講座の開催場所は予約者のみ開示されます,1,5
685360,https://techplay.jp/event/685360/,【特典付】WordPress超初心者も3時間でHPを作れちゃう講座,2018/08/11,09:00〜12:00,ワールド会議室大阪府大阪市淀川区西中島６丁目２−３ チサンマンション第７新大阪908号室,"",10
685392,https://techplay.jp/event/685392/,GCPUG 茨城 #2 「Google Cloud Platformを勉強しよう」,2018/07/21,13:15〜15:00,みと地域ＩＴセンター茨城県水戸市梅香１丁目２−４（ALPHA梅山ビル 1F）,1,15
685393,https://techplay.jp/event/685393/,「統計的学習理論」勉強会,2018/07/22,08:00〜09:00,"",1,15
685395,https://techplay.jp/event/685395/,第31回CoderDojo浜松,2018/08/19,13:30〜15:30,鴨江アートセンター 201号室浜松市中区鴨江1番地,1,""
685401,https://techplay.jp/event/685401/,HTML5とか井戸端会議#26,2018/08/11,09:00〜11:45,上大岡コミュニティハウス神奈川県横浜市港南区上大岡東２丁目９−３８,1,30
685402,https://techplay.jp/event/685402/,Cloud Developer - docker #1 (初心者向け),2018/08/25,00:30〜17:00,エクシード・ワン 8Fセミナールーム東京都千代田区神田錦町3-14 神田錦町ミハマビル8F,7,40
685411,https://techplay.jp/event/685411/,【初心者歓迎】第４回深夜のRailsもくもく会【北九州】,2018/07/20,00:30〜03:00,ジョイフル前田店福岡県北九州市八幡東区前田１丁目１０−１５,2,4
685423,https://techplay.jp/event/685423/,大阪開催【IT・プログラミングに興味のある方向け】未経験でも分かる！Webサービス・アプリの作り方,2018/07/21,12:00〜13:30,billage OSAKA大阪市中央区本町4丁目2番12号 東芝ビル8F,"",30
685424,https://techplay.jp/event/685424/,Twitterライクなアプリを作って学ぶDapps開発入門ハンズオン,2018/07/22,13:00〜17:00,パズル浅草橋 会議室2階B室東京都台東区浅草橋5丁目２−３ （鈴和ビル２F）,"",2
685425,https://techplay.jp/event/685425/,第２５回 CoderDojo Mito（コーダー道場 水戸）,2018/07/22,13:30〜15:30,水戸市内原中央公民館茨城県水戸市内原町1395-6,"",16
685426,https://techplay.jp/event/685426/,Civic Hack Nights Ibaraki #12 シビックテックの井戸端会議,2018/07/27,19:00〜20:00,みと地域ＩＴセンター茨城県水戸市梅香１丁目２−４（ALPHA梅山ビル 1F）,"",20
685428,https://techplay.jp/event/685428/,Decentraland Meetup,2018/07/30,19:00〜21:30,"","",80
685443,https://techplay.jp/event/685443/,ITエンジニア、情シス担当者なりたての方のための、基本設計・RFP・RFI作成講座,2018/08/19,13:00〜17:00,クラウドセーフティ内東京都港区六本木七丁目15番17号7-F,"",10
685444,https://techplay.jp/event/685444/,【初心者向け】Ruby on Railsオンライン勉強会,2018/07/23,19:30〜21:00,skype上,"",5
685445,https://techplay.jp/event/685445/,深層学習による自然言語処理 輪読会 #1,2018/07/23,19:30〜21:30,水道橋駅周辺(三崎町交差点付近)東京都千代田区神田三崎町2 (水道橋駅三崎町交差点周辺),"",10
685446,https://techplay.jp/event/685446/,Optimized C++読書会 vol.32,2018/07/23,19:30〜21:00,フェンリル株式会社 大阪本社 大阪府大阪市北区大深町3-1 グランフロント大阪 北館 タワーB(オフィス)14F,1,15
685447,https://techplay.jp/event/685447/,[秋葉原] 基礎から学ぶVue.js 輪読会[chapter4] &もくもく勉強会,2018/07/23,19:30〜22:00,コワーキングスペース秋葉原Weeyble東京都千代田区神田須田町２丁目１９−２３ (野村第３ビル ４階),6,12
685448,https://techplay.jp/event/685448/,[秋葉原]３Hカジュアルゲームハッカソン,2018/07/23,19:00〜22:25,コワーキングスペース秋葉原Weeyble東京都千代田区神田須田町２丁目１９−２３ (野村第３ビル ４階),"",8
685450,https://techplay.jp/event/685450/,Shinjukuプログラミングもくもく #8,2018/07/28,11:00〜17:00,Repro株式会社東京都渋谷区代々木1丁目36-4 全理連ビル 6階,2,17
685452,https://techplay.jp/event/685452/,和歌山県×NTTドコモ　地方創生ハッカソン,"
                    2018/09/01
                    11:00〜
                ",,和歌山県データ利活用推進センター和歌山市東蔵前丁3-17（南海和歌山市駅ビル）,"",40
685453,https://techplay.jp/event/685453/,データから考える和歌山のミライセミナー,2018/09/13,13:30〜16:30,和歌山県データ利活用推進センター和歌山市東蔵前丁3-17（南海和歌山市駅ビル）,"",70
685473,https://techplay.jp/event/685473/,IT経営戦略セミナー：　人工知能・IoT・業務自動化からドローン体験・ドローン災害支援・クラウド活用や情報セキュリティ対策まで学ぶ2日間（無料）,"
                    2018/07/19
                    13:30〜
                ",,延岡市中小企業振興センター宮崎県延岡市東本小路121-1,"",20
685474,https://techplay.jp/event/685474/,和歌山デジもく会 #6　(和歌山デジタル工作もくもく会),2018/07/29,13:00〜18:00,株式会社正和情報サービス 2階会議室〒640-8226 和歌山県和歌山市小人町6番地,1,10
685477,https://techplay.jp/event/685477/,サーバー構築勉強会・セキュアWEBサーバー構築編　#031 in 横浜,2018/08/18,13:00〜18:00,MyDNS.JPユーザー会専用会議室(新杉田)横浜市金沢区富岡東1-5-20,"",5
685478,https://techplay.jp/event/685478/,Ruby勉強会@和歌山　#59,2018/07/29,13:00〜18:00,株式会社正和情報サービス 2階会議室〒640-8226 和歌山県和歌山市小人町6番地,2,10
685492,https://techplay.jp/event/685492/,一日まるごとどっぷり「JavaScript」,2018/08/19,10:00〜17:00,４階　集会室東京都中央区東日本橋2-22-4 中央区立産業会館,"",8
685493,https://techplay.jp/event/685493/,一日まるごとどっぷり「CSS3」,2018/08/18,10:00〜17:00,4階 集会室東京都中央区東日本橋2-22-4 中央区立産業会館,1,8
685495,https://techplay.jp/event/685495/,画像検索 Bot を作ってみよう,2018/07/31,13:00〜17:00,aiiima3 東京都渋谷区渋谷2-21-1 (渋谷ヒカリエ8階 8/（ハチ）),"",8
685496,https://techplay.jp/event/685496/,Adaptive Code ～ C#実践開発手法 第2版 読書会 #3,2018/07/23,19:30〜21:30,株式会社インプリム東京都中野区新井2-3-10　平井ビル202号室,"",8
685498,https://techplay.jp/event/685498/,【初参加歓迎】JavaScriptを学ぶReact/GraphQLアプリ開発塾 #28 ★恵比寿駅近,2018/07/25,19:00〜21:00,ギークオフィス恵比寿東京都 渋谷区恵比寿4-7-6,"",8
685499,https://techplay.jp/event/685499/,CoderDojoせんなん　第１０回道場,2018/07/28,10:00〜12:30,泉南市立樽井防災コミュニティセンター大阪府泉南市樽井5丁目14-12,"",10
685500,https://techplay.jp/event/685500/,Step-to-Rails-Expert.rb#21,2018/07/30,19:30〜21:00,株式会社Speee様東京都港区六本木4-1-4 (黒崎ビル4階),6,15
685501,https://techplay.jp/event/685501/,【初心者歓迎】プログラミング相談所【隔週開催 もくもく作業でもOK】,2018/08/18,15:00〜17:00,サークルアラウンド株式会社 オフィス東京都新宿区高田馬場1-31-8 高田馬場ダイカンプラザ1025,"",7
685503,https://techplay.jp/event/685503/,#5 dev.tworks,2018/08/09,18:30〜21:00,株式会社トレードワークス東京都千代田区一番町4-6 一番町中央ビル 2階　株式会社トレードワークス,1,5
685505,https://techplay.jp/event/685505/,【初心者歓迎】プログラミング相談所@高田馬場【もくもく作業でもOK】,2018/08/18,15:00〜17:00,サークルアラウンド株式会社 オフィス東京都新宿区高田馬場1-31-8 高田馬場ダイカンプラザ1025,"",3
685506,https://techplay.jp/event/685506/,よちよち.rb 第130回,2018/07/23,20:00〜22:00,株式会社ヴァル研究所東京都杉並区高円寺北2-3-17,"",20
685509,https://techplay.jp/event/685509/,WCAN 2018/09/15「Web ページを高速化してユーザーに価値を届けたい制作者のためのセミナー＆ワークショップ」,2018/09/15,14:00〜17:15,ベースキャンプ名古屋愛知県名古屋市中村区名駅3丁目18-5 モンマートビル5階,"",30
685511,https://techplay.jp/event/685511/,【無料/最大5名の少人数制】代理店に丸投げしない！90分で分かるリスティング広告成功の秘訣,2018/08/22,17:00〜18:30,株式会社リアクセル　ミーティングルーム渋谷区渋谷1-7-5　青山セブンハイツ2F,0,5
685512,https://techplay.jp/event/685512/,Pythonデータ分析入門,2018/08/06,19:45〜22:00,渋谷駅徒歩5分東京都渋谷区鶯谷町5-7 第２ヴィラ青山 302,3,12
685513,https://techplay.jp/event/685513/,【初心者歓迎】Python入門講座,2018/08/07,19:45〜22:00,渋谷駅徒歩5分東京都渋谷区鶯谷町5-7 第２ヴィラ青山 302,3,12
685515,https://techplay.jp/event/685515/,「働き方改革 × ECビジネスセミナー」RPA/チャットボットを活用した業務最適化と手軽に始められるソーシャルデータ解析,2018/08/01,15:00〜17:00,日本エンタープライズ株式会社東京都渋谷区渋谷1-17-8 松岡渋谷ビル 7F,1,25
